spam,egs,beacon,tea
spam,egs,beacon,tea
spam,egs,beacon,tea
spam,egs,beacon,tea
spam,egs,beacon,tea
spam,egs,beacon,tea
cups,morning,grape,coffee
cups,morning,grape,coffee
cups,morning,grape,coffee
cups,morning,grape,coffee
cups,morning,grape,coffee
table,basin,secret,adi
table,basin,secret,adi
table,basin,secret,adi
table,basin,secret,adi
table,basin,secret,adi
table,basin,secret,adi
spam!,trim,despite,saint
spam!,trim,despite,saint
spam!,trim,despite,saint
spam!,trim,despite,saint
spam!,trim,despite,saint
spam!,trim,despite,saint
spam!,trim,despite,saint
